{
    "name": "rf_zero_test_zero",
    "roc_auc": 0.8577025148489827,
    "f1_score": 0.5826771653543307,
    "precision": 0.43023255813953487,
    "recall": 0.9024390243902439,
    "accuracy": 0.7735042735042735,
    "thresh": 0.084
}