{
    "name": "rf_zero_test_zero",
    "roc_auc": 0.9632250726652344,
    "f1_score": 0.9066666666666667,
    "precision": 1.0,
    "recall": 0.8292682926829268,
    "accuracy": 0.9700854700854701,
    "thresh": 0.885
}