{
    "name": "lightgbm",
    "roc_auc": 0.8914634146341462,
    "f1_score": 0.8354430379746836,
    "precision": 0.868421052631579,
    "recall": 0.8048780487804879,
    "accuracy": 0.8395061728395061,
    "thresh": 0.982
}