{
    "name": "random_forest",
    "roc_auc": 0.7734108429167194,
    "f1_score": 0.6213592233009708,
    "precision": 0.5161290322580645,
    "recall": 0.7804878048780488,
    "accuracy": 0.8333333333333334,
    "thresh": 0.887
}