{
    "name": "lightgbm",
    "roc_auc": 0.8014859530996054,
    "f1_score": 0.5874125874125875,
    "precision": 0.5,
    "recall": 0.711864406779661,
    "accuracy": 0.8319088319088319,
    "thresh": 0.998
}