{
    "name": "lightgbm",
    "roc_auc": 0.6115853658536585,
    "f1_score": 0.6721311475409836,
    "precision": 0.5061728395061729,
    "recall": 1.0,
    "accuracy": 0.5061728395061729,
    "thresh": 0.0
}