{
    "name": "svc",
    "roc_auc": 0.7304388205247272,
    "f1_score": 0.5547445255474452,
    "precision": 0.48717948717948717,
    "recall": 0.6440677966101694,
    "accuracy": 0.8262108262108262,
    "thresh": 0.555
}