{
    "name": "random_forest",
    "roc_auc": 0.8957317073170732,
    "f1_score": 0.8461538461538461,
    "precision": 0.8918918918918919,
    "recall": 0.8048780487804879,
    "accuracy": 0.8518518518518519,
    "thresh": 0.775
}