{
    "name": "nn_fc",
    "roc_auc": 0.5945553749709775,
    "f1_score": 0.4305555555555556,
    "precision": 0.36470588235294116,
    "recall": 0.5254237288135594,
    "accuracy": 0.7663817663817664,
    "thresh": 0.766
}