{
    "name": "random_forest",
    "roc_auc": 0.7684822444079363,
    "f1_score": 0.6019417475728155,
    "precision": 0.5,
    "recall": 0.7560975609756098,
    "accuracy": 0.8247863247863247,
    "thresh": 0.887
}