{
    "name": "nn_fc",
    "roc_auc": 0.8039238449036452,
    "f1_score": 0.5921052631578948,
    "precision": 0.4838709677419355,
    "recall": 0.7627118644067796,
    "accuracy": 0.8233618233618234,
    "thresh": 0.658
}