{
    "name": "random_forest",
    "roc_auc": 0.7574878105409798,
    "f1_score": 0.5679012345679013,
    "precision": 0.44660194174757284,
    "recall": 0.7796610169491526,
    "accuracy": 0.8005698005698005,
    "thresh": 0.781
}