{
    "name": "nn_fc",
    "roc_auc": 0.5363361968887856,
    "f1_score": 0.3731343283582089,
    "precision": 0.3333333333333333,
    "recall": 0.423728813559322,
    "accuracy": 0.7606837606837606,
    "thresh": 0.88
}