{
    "name": "lightgbm",
    "roc_auc": 0.8032351826108934,
    "f1_score": 0.5892857142857143,
    "precision": 0.4647887323943662,
    "recall": 0.8048780487804879,
    "accuracy": 0.8034188034188035,
    "thresh": 0.987
}