{
    "name": "deep_cnn",
    "roc_auc": 0.766600882284653,
    "f1_score": 0.5644171779141105,
    "precision": 0.4423076923076923,
    "recall": 0.7796610169491526,
    "accuracy": 0.7977207977207977,
    "thresh": 0.632
}