{
    "name": "random_forest",
    "roc_auc": 0.7579811934060832,
    "f1_score": 0.5696969696969698,
    "precision": 0.44339622641509435,
    "recall": 0.7966101694915254,
    "accuracy": 0.7977207977207977,
    "thresh": 0.774
}