{
    "name": "lightgbm",
    "roc_auc": 0.6615695690635663,
    "f1_score": 0.5208333333333334,
    "precision": 0.45454545454545453,
    "recall": 0.6097560975609756,
    "accuracy": 0.8034188034188035,
    "thresh": 0.029
}