{
    "name": "random_forest",
    "roc_auc": 0.7494775946134199,
    "f1_score": 0.5590062111801242,
    "precision": 0.4411764705882353,
    "recall": 0.7627118644067796,
    "accuracy": 0.7977207977207977,
    "thresh": 0.787
}