{
    "name": "random_forest",
    "roc_auc": 0.7651965120687476,
    "f1_score": 0.5945945945945947,
    "precision": 0.4714285714285714,
    "recall": 0.8048780487804879,
    "accuracy": 0.8076923076923077,
    "thresh": 0.775
}