{
    "name": "random_forest",
    "roc_auc": 0.6280487804878049,
    "f1_score": 0.6990291262135923,
    "precision": 0.5806451612903226,
    "recall": 0.8780487804878049,
    "accuracy": 0.6172839506172839,
    "thresh": 0.128
}