{
    "name": "lightgbm",
    "roc_auc": 0.8036143055731075,
    "f1_score": 0.5818181818181818,
    "precision": 0.463768115942029,
    "recall": 0.7804878048780488,
    "accuracy": 0.8034188034188035,
    "thresh": 0.988
}